{"stats":{"minecraft:used":{"minecraft:wheat_seeds":109,"minecraft:melon_slice":13,"minecraft:torch":3,"minecraft:stone_axe":32,"minecraft:dirt":11,"minecraft:cobblestone":1,"minecraft:cooked_porkchop":1,"minecraft:acacia_fence":3,"minecraft:white_bed":3,"minecraft:acacia_planks":1},"minecraft:killed_by":{"minecraft:skeleton":2,"minecraft:creeper":1,"minecraft:zombie":1},"minecraft:dropped":{"minecraft:poppy":2,"minecraft:wheat_seeds":4,"minecraft:gunpowder":4,"minecraft:arrow":2,"minecraft:acacia_fence":1},"minecraft:broken":{"minecraft:stone_axe":1},"minecraft:mined":{"minecraft:acacia_leaves":5,"minecraft:attached_melon_stem":1,"minecraft:white_bed":2,"minecraft:farmland":2,"minecraft:melon_stem":21,"minecraft:wheat":84,"minecraft:dandelion":1,"minecraft:oak_log":4,"minecraft:short_grass":44,"minecraft:acacia_log":10,"minecraft:grass_block":8,"minecraft:melon":2,"minecraft:dirt":4,"minecraft:tall_grass":1,"minecraft:oak_leaves":9,"minecraft:wall_torch":6},"minecraft:killed":{"minecraft:skeleton":1,"minecraft:spider":1},"minecraft:custom":{"minecraft:time_since_rest":4271,"minecraft:sprint_one_cm":147194,"minecraft:damage_taken":1434,"minecraft:walk_one_cm":164508,"minecraft:mob_kills":2,"minecraft:drop":7,"minecraft:damage_dealt":1078,"minecraft:interact_with_crafting_table":3,"minecraft:swim_one_cm":4039,"minecraft:fly_one_cm":54028,"minecraft:open_chest":10,"minecraft:crouch_one_cm":348,"minecraft:sneak_time":253,"minecraft:play_time":65017,"minecraft:deaths":4,"minecraft:walk_under_water_one_cm":2663,"minecraft:jump":539,"minecraft:leave_game":2,"minecraft:walk_on_water_one_cm":4173,"minecraft:time_since_death":4219,"minecraft:sleep_in_bed":2,"minecraft:climb_one_cm":4972,"minecraft:total_world_time":65017,"minecraft:fall_one_cm":13376},"minecraft:picked_up":{"minecraft:stick":3,"minecraft:wheat":47,"minecraft:cooked_porkchop":26,"minecraft:acacia_fence":6,"minecraft:torch":18,"minecraft:dandelion":1,"minecraft:acacia_log":23,"minecraft:oak_log":8,"minecraft:shield":3,"minecraft:white_bed":4,"minecraft:gunpowder":16,"minecraft:acacia_stairs":9,"minecraft:string":5,"minecraft:spider_eye":1,"minecraft:dirt":31,"minecraft:acacia_door":1,"minecraft:arrow":9,"minecraft:bone":2,"minecraft:rotten_flesh":5,"minecraft:acacia_planks":3,"minecraft:stone_axe":3,"minecraft:wheat_seeds":222,"minecraft:iron_ingot":25,"minecraft:armadillo_scute":1,"minecraft:poppy":5,"minecraft:melon_slice":28,"minecraft:melon_seeds":44,"minecraft:coal":9,"minecraft:acacia_sapling":4,"minecraft:cobblestone":1,"minecraft:egg":1}},"DataVersion":3953}