{"stats":{"minecraft:custom":{"minecraft:jump":34,"minecraft:time_since_rest":978,"minecraft:deaths":1,"minecraft:sprint_one_cm":1062,"minecraft:play_time":5959,"minecraft:damage_taken":270,"minecraft:time_since_death":896,"minecraft:walk_one_cm":8570,"minecraft:total_world_time":5959,"minecraft:fly_one_cm":1279},"minecraft:picked_up":{"minecraft:birch_log":16},"minecraft:mined":{"minecraft:birch_log":17,"minecraft:short_grass":1},"minecraft:killed_by":{"minecraft:zombie":1}},"DataVersion":3955}