{"stats":{"minecraft:custom":{"minecraft:time_since_rest":6804,"minecraft:crouch_one_cm":32,"minecraft:play_time":28752,"minecraft:sprint_one_cm":8544,"minecraft:damage_taken":595,"minecraft:deaths":2,"minecraft:walk_one_cm":59916,"minecraft:sneak_time":17,"minecraft:jump":146,"minecraft:leave_game":1,"minecraft:walk_on_water_one_cm":5834,"minecraft:time_since_death":6749,"minecraft:total_world_time":28752,"minecraft:interact_with_crafting_table":6,"minecraft:fall_one_cm":2103,"minecraft:fly_one_cm":2538},"minecraft:used":{"minecraft:crafting_table":2,"minecraft:birch_log":6,"minecraft:wooden_pickaxe":24,"minecraft:gravel":4},"minecraft:picked_up":{"minecraft:birch_log":31,"minecraft:crafting_table":2,"minecraft:stone_axe":1,"minecraft:wooden_pickaxe":1,"minecraft:gravel":9,"minecraft:stone_pickaxe":1,"minecraft:birch_sapling":1,"minecraft:cobblestone":15},"minecraft:crafted":{"minecraft:wooden_sword":1,"minecraft:birch_planks":24,"minecraft:crafting_table":1,"minecraft:stick":8,"minecraft:wooden_pickaxe":1},"minecraft:mined":{"minecraft:short_grass":1,"minecraft:gravel":9,"minecraft:birch_log":32,"minecraft:stone":15,"minecraft:crafting_table":2},"minecraft:killed_by":{"minecraft:zombie":1}},"DataVersion":3955}