{"stats":{"minecraft:custom":{"minecraft:time_since_rest":4221,"minecraft:crouch_one_cm":32,"minecraft:play_time":40752,"minecraft:sprint_one_cm":13113,"minecraft:damage_taken":1153,"minecraft:deaths":4,"minecraft:walk_one_cm":75309,"minecraft:sneak_time":17,"minecraft:walk_under_water_one_cm":11434,"minecraft:mob_kills":1,"minecraft:jump":188,"minecraft:damage_dealt":222,"minecraft:leave_game":1,"minecraft:walk_on_water_one_cm":21505,"minecraft:time_since_death":4182,"minecraft:total_world_time":40752,"minecraft:swim_one_cm":6146,"minecraft:interact_with_crafting_table":9,"minecraft:fall_one_cm":3725,"minecraft:fly_one_cm":6361},"minecraft:used":{"minecraft:crafting_table":3,"minecraft:birch_log":8,"minecraft:wooden_pickaxe":27,"minecraft:gravel":4},"minecraft:killed":{"minecraft:spider":1},"minecraft:picked_up":{"minecraft:birch_log":38,"minecraft:crafting_table":3,"minecraft:stone_axe":1,"minecraft:wooden_pickaxe":1,"minecraft:gravel":9,"minecraft:stone_pickaxe":1,"minecraft:diorite":2,"minecraft:spider_eye":2,"minecraft:birch_sapling":1,"minecraft:string":2,"minecraft:cobblestone":18},"minecraft:crafted":{"minecraft:wooden_sword":2,"minecraft:birch_planks":52,"minecraft:crafting_table":2,"minecraft:stick":32,"minecraft:wooden_pickaxe":2},"minecraft:mined":{"minecraft:short_grass":1,"minecraft:gravel":9,"minecraft:birch_log":32,"minecraft:stone":18,"minecraft:crafting_table":3},"minecraft:killed_by":{"minecraft:zombie":3}},"DataVersion":3955}