{"stats":{"minecraft:custom":{"minecraft:time_since_rest":12978,"minecraft:play_time":17959,"minecraft:sprint_one_cm":1156,"minecraft:walk_one_cm":39721,"minecraft:damage_taken":495,"minecraft:deaths":1,"minecraft:jump":76,"minecraft:walk_on_water_one_cm":5834,"minecraft:time_since_death":12896,"minecraft:total_world_time":17959,"minecraft:fall_one_cm":269,"minecraft:interact_with_crafting_table":3,"minecraft:fly_one_cm":1827},"minecraft:used":{"minecraft:crafting_table":2,"minecraft:birch_log":6,"minecraft:wooden_pickaxe":6},"minecraft:picked_up":{"minecraft:birch_log":22,"minecraft:crafting_table":1,"minecraft:gravel":5,"minecraft:birch_sapling":1},"minecraft:crafted":{"minecraft:wooden_sword":1,"minecraft:birch_planks":24,"minecraft:crafting_table":1,"minecraft:stick":8,"minecraft:wooden_pickaxe":1},"minecraft:mined":{"minecraft:short_grass":1,"minecraft:gravel":6,"minecraft:birch_log":23,"minecraft:crafting_table":1},"minecraft:killed_by":{"minecraft:zombie":1}},"DataVersion":3955}