{"stats":{"minecraft:custom":{"minecraft:time_since_rest":5972,"minecraft:play_time":5972,"minecraft:sprint_one_cm":83,"minecraft:damage_taken":84,"minecraft:walk_one_cm":21711,"minecraft:mob_kills":1,"minecraft:jump":23,"minecraft:damage_dealt":40,"minecraft:time_since_death":5972,"minecraft:total_world_time":5972,"minecraft:interact_with_crafting_table":1,"minecraft:fall_one_cm":865,"minecraft:fly_one_cm":238},"minecraft:used":{"minecraft:wooden_axe":6,"minecraft:crafting_table":1},"minecraft:killed":{"minecraft:sheep":1},"minecraft:picked_up":{"minecraft:birch_log":7,"minecraft:stick":2,"minecraft:crafting_table":1,"minecraft:feather":2,"minecraft:mutton":1,"minecraft:white_wool":1},"minecraft:crafted":{"minecraft:birch_planks":8,"minecraft:crafting_table":1,"minecraft:wooden_axe":1},"minecraft:mined":{"minecraft:birch_log":10,"minecraft:birch_leaves":1,"minecraft:crafting_table":1}},"DataVersion":3955}