{"stats":{"minecraft:custom":{"minecraft:interact_with_furnace":24,"minecraft:mob_kills":17,"minecraft:interact_with_crafting_table":15,"minecraft:time_since_death":30746,"minecraft:sleep_in_bed":1,"minecraft:time_since_rest":30771,"minecraft:sprint_one_cm":109041,"minecraft:damage_taken":1255,"minecraft:walk_one_cm":194411,"minecraft:drop":1,"minecraft:damage_dealt":2257,"minecraft:fly_one_cm":21906,"minecraft:crouch_one_cm":14,"minecraft:play_time":47972,"minecraft:deaths":1,"minecraft:sneak_time":44,"minecraft:walk_under_water_one_cm":150,"minecraft:jump":505,"minecraft:walk_on_water_one_cm":5988,"minecraft:total_world_time":47972,"minecraft:fall_one_cm":9533},"minecraft:killed":{"minecraft:pig":8,"minecraft:spider":1,"minecraft:sheep":3,"minecraft:skeleton":4,"minecraft:zombie":1},"minecraft:used":{"minecraft:cooked_mutton":2,"minecraft:stone_pickaxe":54,"minecraft:wooden_pickaxe":6,"minecraft:crafting_table":5,"minecraft:white_bed":1,"minecraft:wooden_axe":15,"minecraft:iron_axe":6,"minecraft:iron_pickaxe":352,"minecraft:stone_axe":42,"minecraft:cobblestone":10,"minecraft:furnace":5,"minecraft:cooked_porkchop":9},"minecraft:picked_up":{"minecraft:wooden_axe":1,"minecraft:birch_log":15,"minecraft:iron_chestplate":1,"minecraft:crafting_table":6,"minecraft:feather":4,"minecraft:andesite":44,"minecraft:wooden_pickaxe":1,"minecraft:birch_planks":11,"minecraft:lapis_lazuli":6,"minecraft:string":1,"minecraft:bone":4,"minecraft:cobbled_deepslate":47,"minecraft:raw_gold":1,"minecraft:iron_ingot":13,"minecraft:stone_pickaxe":1,"minecraft:iron_pickaxe":1,"minecraft:birch_sapling":2,"minecraft:egg":2,"minecraft:furnace":6,"minecraft:raw_iron":24,"minecraft:stick":2,"minecraft:porkchop":14,"minecraft:diorite":27,"minecraft:white_bed":2,"minecraft:spider_eye":1,"minecraft:arrow":1,"minecraft:rotten_flesh":4,"minecraft:diamond":3,"minecraft:stone_axe":1,"minecraft:granite":47,"minecraft:oak_sapling":1,"minecraft:mutton":2,"minecraft:coal":89,"minecraft:white_wool":3,"minecraft:cobblestone":325},"minecraft:broken":{"minecraft:iron_pickaxe":1},"minecraft:crafted":{"minecraft:cooked_porkchop":14,"minecraft:crafting_table":1,"minecraft:wooden_pickaxe":1,"minecraft:furnace":2,"minecraft:birch_planks":28,"minecraft:stone_axe":1,"minecraft:cooked_mutton":2,"minecraft:iron_axe":1,"minecraft:stick":20,"minecraft:iron_ingot":4,"minecraft:iron_pickaxe":2,"minecraft:stone_pickaxe":1,"minecraft:wooden_axe":1,"minecraft:white_bed":1,"minecraft:torch":4},"minecraft:dropped":{"minecraft:cooked_porkchop":3},"minecraft:mined":{"minecraft:white_bed":1,"minecraft:deepslate_diamond_ore":2,"minecraft:crafting_table":5,"minecraft:granite":48,"minecraft:cobblestone":1,"minecraft:deepslate_gold_ore":3,"minecraft:diorite":27,"minecraft:furnace":5,"minecraft:birch_log":14,"minecraft:iron_ore":19,"minecraft:andesite":44,"minecraft:birch_leaves":1,"minecraft:deepslate_lapis_ore":1,"minecraft:coal_ore":27,"minecraft:deepslate_iron_ore":5,"minecraft:stone":173,"minecraft:oak_leaves":5,"minecraft:deepslate":50},"minecraft:killed_by":{"minecraft:drowned":1}},"DataVersion":3955}