{"stats":{"minecraft:custom":{"minecraft:time_since_rest":771,"minecraft:sprint_one_cm":20378,"minecraft:interact_with_furnace":4,"minecraft:damage_taken":489,"minecraft:walk_one_cm":75854,"minecraft:mob_kills":5,"minecraft:damage_dealt":583,"minecraft:interact_with_crafting_table":10,"minecraft:fly_one_cm":3483,"minecraft:play_time":17972,"minecraft:deaths":1,"minecraft:sneak_time":14,"minecraft:jump":106,"minecraft:time_since_death":746,"minecraft:sleep_in_bed":1,"minecraft:total_world_time":17972,"minecraft:fall_one_cm":2285},"minecraft:used":{"minecraft:cooked_mutton":2,"minecraft:wooden_axe":14,"minecraft:stone_pickaxe":54,"minecraft:iron_pickaxe":97,"minecraft:wooden_pickaxe":6,"minecraft:stone_axe":14,"minecraft:cobblestone":1,"minecraft:crafting_table":3,"minecraft:furnace":2,"minecraft:white_bed":1},"minecraft:killed":{"minecraft:skeleton":1,"minecraft:sheep":3,"minecraft:zombie":1},"minecraft:picked_up":{"minecraft:birch_log":15,"minecraft:crafting_table":4,"minecraft:stick":2,"minecraft:raw_iron":4,"minecraft:feather":2,"minecraft:wooden_pickaxe":1,"minecraft:birch_planks":11,"minecraft:white_bed":2,"minecraft:bone":2,"minecraft:rotten_flesh":2,"minecraft:stone_axe":1,"minecraft:stone_pickaxe":1,"minecraft:iron_ingot":1,"minecraft:iron_pickaxe":1,"minecraft:wooden_axe":1,"minecraft:mutton":2,"minecraft:birch_sapling":2,"minecraft:coal":26,"minecraft:furnace":2,"minecraft:white_wool":3,"minecraft:cobblestone":287,"minecraft:egg":2},"minecraft:crafted":{"minecraft:crafting_table":1,"minecraft:stick":8,"minecraft:wooden_pickaxe":1,"minecraft:iron_ingot":4,"minecraft:iron_pickaxe":1,"minecraft:stone_pickaxe":1,"minecraft:wooden_axe":1,"minecraft:furnace":1,"minecraft:white_bed":1,"minecraft:birch_planks":28,"minecraft:stone_axe":1,"minecraft:cooked_mutton":2},"minecraft:mined":{"minecraft:white_bed":1,"minecraft:furnace":2,"minecraft:birch_log":14,"minecraft:iron_ore":4,"minecraft:birch_leaves":1,"minecraft:crafting_table":3,"minecraft:coal_ore":13,"minecraft:cobblestone":1,"minecraft:stone":137},"minecraft:killed_by":{"minecraft:drowned":1}},"DataVersion":3955}