{"stats":{"minecraft:custom":{"minecraft:time_since_rest":12771,"minecraft:sprint_one_cm":45070,"minecraft:interact_with_furnace":10,"minecraft:damage_taken":614,"minecraft:walk_one_cm":136437,"minecraft:mob_kills":14,"minecraft:damage_dealt":1573,"minecraft:interact_with_crafting_table":11,"minecraft:fly_one_cm":7196,"minecraft:crouch_one_cm":14,"minecraft:play_time":29972,"minecraft:deaths":1,"minecraft:sneak_time":33,"minecraft:jump":239,"minecraft:time_since_death":12746,"minecraft:sleep_in_bed":1,"minecraft:total_world_time":29972,"minecraft:fall_one_cm":4698},"minecraft:used":{"minecraft:cooked_mutton":2,"minecraft:wooden_axe":14,"minecraft:stone_pickaxe":54,"minecraft:iron_pickaxe":144,"minecraft:wooden_pickaxe":6,"minecraft:stone_axe":39,"minecraft:cobblestone":1,"minecraft:crafting_table":4,"minecraft:furnace":3,"minecraft:cooked_porkchop":2,"minecraft:white_bed":1},"minecraft:killed":{"minecraft:skeleton":2,"minecraft:sheep":3,"minecraft:pig":8,"minecraft:zombie":1},"minecraft:picked_up":{"minecraft:birch_log":15,"minecraft:crafting_table":5,"minecraft:stick":2,"minecraft:raw_iron":10,"minecraft:feather":4,"minecraft:wooden_pickaxe":1,"minecraft:birch_planks":11,"minecraft:porkchop":14,"minecraft:white_bed":2,"minecraft:arrow":1,"minecraft:bone":4,"minecraft:rotten_flesh":4,"minecraft:stone_axe":1,"minecraft:cobbled_deepslate":3,"minecraft:raw_gold":1,"minecraft:stone_pickaxe":1,"minecraft:iron_ingot":1,"minecraft:iron_pickaxe":1,"minecraft:oak_sapling":1,"minecraft:wooden_axe":1,"minecraft:mutton":2,"minecraft:birch_sapling":2,"minecraft:coal":67,"minecraft:furnace":4,"minecraft:white_wool":3,"minecraft:cobblestone":306,"minecraft:egg":2},"minecraft:crafted":{"minecraft:cooked_porkchop":14,"minecraft:crafting_table":1,"minecraft:stick":20,"minecraft:wooden_pickaxe":1,"minecraft:iron_ingot":4,"minecraft:iron_pickaxe":1,"minecraft:stone_pickaxe":1,"minecraft:wooden_axe":1,"minecraft:furnace":1,"minecraft:white_bed":1,"minecraft:torch":4,"minecraft:birch_planks":28,"minecraft:stone_axe":1,"minecraft:cooked_mutton":2},"minecraft:mined":{"minecraft:white_bed":1,"minecraft:furnace":3,"minecraft:birch_log":14,"minecraft:iron_ore":10,"minecraft:birch_leaves":1,"minecraft:crafting_table":4,"minecraft:deepslate_iron_ore":1,"minecraft:coal_ore":27,"minecraft:cobblestone":1,"minecraft:deepslate_gold_ore":3,"minecraft:stone":156,"minecraft:deepslate":3,"minecraft:oak_leaves":5},"minecraft:killed_by":{"minecraft:drowned":1}},"DataVersion":3955}