{"stats":{"minecraft:mined":{"minecraft:oak_log":5},"minecraft:custom":{"minecraft:jump":54,"minecraft:time_since_rest":2560,"minecraft:leave_game":1,"minecraft:damage_dealt":15,"minecraft:crouch_one_cm":23,"minecraft:sprint_one_cm":7482,"minecraft:play_time":2560,"minecraft:damage_taken":30,"minecraft:time_since_death":2560,"minecraft:walk_one_cm":1818,"minecraft:sneak_time":24,"minecraft:total_world_time":2560,"minecraft:fall_one_cm":1462,"minecraft:fly_one_cm":14540},"minecraft:crafted":{"minecraft:oak_planks":20},"minecraft:picked_up":{"minecraft:oak_log":5}},"DataVersion":3955}