{"stats":{"minecraft:used":{"minecraft:stone_shovel":543,"minecraft:ladder":17,"minecraft:chest":7,"minecraft:shield":2,"minecraft:bell":1,"minecraft:stone_hoe":102,"minecraft:orange_bed":12,"minecraft:torch":19,"minecraft:dirt":116,"minecraft:mutton":15,"minecraft:acacia_sapling":3,"minecraft:granite":2,"minecraft:iron_axe":608,"minecraft:acacia_slab":228,"minecraft:oak_sapling":2,"minecraft:furnace":5,"minecraft:cooked_beef":5,"minecraft:acacia_planks":42,"minecraft:cooked_mutton":2,"minecraft:stone_pickaxe":341,"minecraft:wooden_pickaxe":24,"minecraft:fletching_table":6,"minecraft:crafting_table":7,"minecraft:red_bed":2,"minecraft:white_bed":5,"minecraft:apple":2,"minecraft:bread":3,"minecraft:gravel":26,"minecraft:stone_axe":353,"minecraft:cobblestone":40,"minecraft:cooked_porkchop":2},"minecraft:killed_by":{"minecraft:creeper":1,"minecraft:zombie":1},"minecraft:dropped":{"minecraft:wheat_seeds":54,"minecraft:cooked_porkchop":9,"minecraft:gray_wool":1,"minecraft:torch":2,"minecraft:rotten_flesh":3,"minecraft:white_bed":1,"minecraft:poppy":3,"minecraft:shield":2,"minecraft:acacia_sapling":1,"minecraft:oak_sapling":3,"minecraft:spider_eye":1,"minecraft:acacia_fence":2},"minecraft:broken":{"minecraft:stone_pickaxe":2,"minecraft:stone_axe":1,"minecraft:stone_shovel":1},"minecraft:killed":{"minecraft:spider":7,"minecraft:skeleton":7,"minecraft:pig":10,"minecraft:iron_golem":9,"minecraft:creeper":6,"minecraft:sheep":20,"minecraft:zombie":9,"minecraft:cow":14},"minecraft:crafted":{"minecraft:oak_planks":96,"minecraft:stone_shovel":1,"minecraft:furnace":3,"minecraft:cooked_mutton":2,"minecraft:iron_axe":1,"minecraft:ladder":27,"minecraft:stone_pickaxe":3,"minecraft:stone_hoe":1,"minecraft:wheat":450,"minecraft:cooked_beef":6,"minecraft:emerald":49,"minecraft:crafting_table":1,"minecraft:acacia_slab":234,"minecraft:iron_helmet":1,"minecraft:wooden_pickaxe":1,"minecraft:fletching_table":2,"minecraft:stone_axe":2,"minecraft:bread":150,"minecraft:air":0,"minecraft:iron_chestplate":1,"minecraft:shield":1,"minecraft:stick":1728,"minecraft:iron_pickaxe":1,"minecraft:iron_leggings":1,"minecraft:white_bed":3,"minecraft:acacia_planks":924,"minecraft:torch":24},"minecraft:mined":{"minecraft:yellow_terracotta":1,"minecraft:attached_melon_stem":1,"minecraft:white_bed":3,"minecraft:farmland":40,"minecraft:ladder":1,"minecraft:granite":2,"minecraft:acacia_log":233,"minecraft:grass_block":253,"minecraft:acacia_slab":51,"minecraft:cartography_table":3,"minecraft:composter":2,"minecraft:acacia_pressure_plate":1,"minecraft:hay_block":50,"minecraft:furnace":2,"minecraft:acacia_wood":15,"minecraft:acacia_stairs":144,"minecraft:fletching_table":4,"minecraft:bell":1,"minecraft:water_cauldron":2,"minecraft:dirt_path":29,"minecraft:stone":213,"minecraft:orange_bed":12,"minecraft:acacia_leaves":7,"minecraft:glass_pane":10,"minecraft:red_bed":2,"minecraft:melon_stem":1,"minecraft:clay":6,"minecraft:crafting_table":6,"minecraft:torch":7,"minecraft:short_grass":149,"minecraft:melon":21,"minecraft:chest":9,"minecraft:tall_grass":5,"minecraft:cobblestone":29,"minecraft:grindstone":1,"minecraft:sugar_cane":8,"minecraft:wall_torch":5,"minecraft:wheat":34,"minecraft:yellow_glazed_terracotta":6,"minecraft:coal_ore":92,"minecraft:oak_log":24,"minecraft:acacia_fence":25,"minecraft:gravel":31,"minecraft:acacia_door":4,"minecraft:dirt":215,"minecraft:acacia_planks":182,"minecraft:stonecutter":1,"minecraft:oak_leaves":23},"minecraft:custom":{"minecraft:mob_kills":84,"minecraft:interact_with_crafting_table":28,"minecraft:bell_ring":26,"minecraft:leave_game":2,"minecraft:time_since_death":8864,"minecraft:climb_one_cm":9085,"minecraft:sprint_one_cm":351246,"minecraft:walk_one_cm":260090,"minecraft:damage_blocked_by_shield":20,"minecraft:drop":19,"minecraft:talked_to_villager":22,"minecraft:play_time":112107,"minecraft:deaths":2,"minecraft:sneak_time":4261,"minecraft:walk_under_water_one_cm":739,"minecraft:jump":2086,"minecraft:walk_on_water_one_cm":8072,"minecraft:total_world_time":112107,"minecraft:interact_with_furnace":20,"minecraft:traded_with_villager":49,"minecraft:sleep_in_bed":8,"minecraft:time_since_rest":5764,"minecraft:damage_taken":2003,"minecraft:damage_dealt":18780,"minecraft:swim_one_cm":3033,"minecraft:fly_one_cm":437815,"minecraft:open_chest":80,"minecraft:crouch_one_cm":9694,"minecraft:fall_one_cm":52668},"minecraft:picked_up":{"minecraft:crafting_table":6,"minecraft:wheat":31,"minecraft:ladder":2,"minecraft:clay_ball":24,"minecraft:wooden_pickaxe":1,"minecraft:pink_wool":2,"minecraft:acacia_pressure_plate":2,"minecraft:shield":1,"minecraft:string":8,"minecraft:red_bed":2,"minecraft:iron_axe":1,"minecraft:acacia_door":4,"minecraft:cartography_table":3,"minecraft:beef":42,"minecraft:iron_pickaxe":1,"minecraft:poppy":6,"minecraft:sugar_cane":36,"minecraft:melon_slice":89,"minecraft:chest":9,"minecraft:furnace":2,"minecraft:stick":31,"minecraft:acacia_fence":22,"minecraft:composter":2,"minecraft:torch":45,"minecraft:acacia_log":231,"minecraft:porkchop":22,"minecraft:cauldron":2,"minecraft:orange_bed":12,"minecraft:rotten_flesh":8,"minecraft:arrow":13,"minecraft:hay_block":50,"minecraft:yellow_terracotta":1,"minecraft:saddle":2,"minecraft:mutton":45,"minecraft:white_wool":25,"minecraft:cobblestone":299,"minecraft:cooked_beef":2,"minecraft:brown_wool":2,"minecraft:leather":22,"minecraft:acacia_wood":15,"minecraft:flint":4,"minecraft:oak_log":24,"minecraft:yellow_glazed_terracotta":6,"minecraft:gunpowder":10,"minecraft:map":3,"minecraft:paper":11,"minecraft:dirt":590,"minecraft:bone":8,"minecraft:acacia_planks":210,"minecraft:apple":3,"minecraft:stonecutter":1,"minecraft:wheat_seeds":207,"minecraft:bell":1,"minecraft:stone_pickaxe":1,"minecraft:grindstone":1,"minecraft:iron_ingot":42,"minecraft:fletching_table":4,"minecraft:oak_planks":20,"minecraft:stone_hoe":1,"minecraft:acacia_sapling":9,"minecraft:cooked_porkchop":11,"minecraft:dandelion":1,"minecraft:gravel":26,"minecraft:white_bed":3,"minecraft:acacia_stairs":139,"minecraft:spider_eye":4,"minecraft:short_grass":1,"minecraft:granite":2,"minecraft:gray_wool":2,"minecraft:bread":181,"minecraft:brown_banner":8,"minecraft:oak_sapling":10,"minecraft:acacia_slab":137,"minecraft:melon_seeds":11,"minecraft:coal":173}},"DataVersion":3953}