{"stats":{"minecraft:custom":{"minecraft:interact_with_furnace":5,"minecraft:mob_kills":18,"minecraft:interact_with_crafting_table":10,"minecraft:leave_game":1,"minecraft:time_since_death":42211,"minecraft:time_since_rest":42211,"minecraft:sprint_one_cm":120044,"minecraft:damage_taken":421,"minecraft:walk_one_cm":65158,"minecraft:damage_blocked_by_shield":315,"minecraft:drop":17,"minecraft:damage_dealt":3273,"minecraft:swim_one_cm":2100,"minecraft:fly_one_cm":151747,"minecraft:open_chest":1,"minecraft:crouch_one_cm":1771,"minecraft:play_time":42211,"minecraft:sneak_time":1155,"minecraft:walk_under_water_one_cm":170,"minecraft:jump":827,"minecraft:walk_on_water_one_cm":8877,"minecraft:total_world_time":42211,"minecraft:interact_with_smoker":2},"minecraft:killed":{"minecraft:spider":3,"minecraft:skeleton":4,"minecraft:zombie":8,"minecraft:chicken":2},"minecraft:used":{"minecraft:water_bucket":5,"minecraft:wooden_pickaxe":13,"minecraft:shield":12,"minecraft:cooked_salmon":2,"minecraft:cooked_chicken":2,"minecraft:rotten_flesh":5,"minecraft:lily_of_the_valley":1,"minecraft:crafting_table":8,"minecraft:smoker":1,"minecraft:iron_axe":10,"minecraft:iron_pickaxe":354,"minecraft:diamond_chestplate":1,"minecraft:stone_axe":87,"minecraft:cobblestone":21,"minecraft:furnace":1,"minecraft:cooked_cod":4,"minecraft:bucket":6},"minecraft:picked_up":{"minecraft:birch_log":52,"minecraft:crafting_table":7,"minecraft:feather":3,"minecraft:chicken":2,"minecraft:andesite":6,"minecraft:smoker":1,"minecraft:tuff":3,"minecraft:oak_log":26,"minecraft:lapis_lazuli":5,"minecraft:string":2,"minecraft:dirt":17,"minecraft:bone":3,"minecraft:bow":1,"minecraft:cobbled_deepslate":6,"minecraft:raw_gold":11,"minecraft:birch_sapling":2,"minecraft:chest":1,"minecraft:furnace":2,"minecraft:raw_iron":13,"minecraft:sand":19,"minecraft:lily_of_the_valley":1,"minecraft:spider_eye":3,"minecraft:arrow":5,"minecraft:rotten_flesh":11,"minecraft:diamond":27,"minecraft:coal":210,"minecraft:cobblestone":134},"minecraft:crafted":{"minecraft:oak_planks":84,"minecraft:crafting_table":1,"minecraft:wooden_pickaxe":1,"minecraft:cooked_chicken":2,"minecraft:furnace":1,"minecraft:bucket":1,"minecraft:birch_planks":24,"minecraft:stone_axe":2,"minecraft:air":0,"minecraft:diamond_helmet":1,"minecraft:diamond_leggings":1,"minecraft:iron_chestplate":1,"minecraft:diamond_pickaxe":1,"minecraft:shield":1,"minecraft:iron_axe":1,"minecraft:stick":16,"minecraft:iron_ingot":8,"minecraft:iron_pickaxe":2,"minecraft:stone_pickaxe":1,"minecraft:diamond_boots":1,"minecraft:diamond_chestplate":1,"minecraft:smoker":1},"minecraft:dropped":{"minecraft:stone_axe":1,"minecraft:birch_sapling":2,"minecraft:feather":3,"minecraft:prismarine_crystals":2,"minecraft:rotten_flesh":6,"minecraft:dirt":17,"minecraft:iron_chestplate":1,"minecraft:andesite":6,"minecraft:cooked_salmon":1,"minecraft:potion":1,"minecraft:spider_eye":3,"minecraft:heart_of_the_sea":1,"minecraft:stone_pickaxe":1,"minecraft:wooden_pickaxe":1,"minecraft:iron_pickaxe":1},"minecraft:mined":{"minecraft:tuff":4,"minecraft:deepslate_diamond_ore":27,"minecraft:smoker":1,"minecraft:crafting_table":7,"minecraft:granite":4,"minecraft:grass_block":1,"minecraft:chest":1,"minecraft:cobblestone":2,"minecraft:deepslate_gold_ore":8,"minecraft:lapis_ore":1,"minecraft:furnace":1,"minecraft:birch_log":34,"minecraft:iron_ore":8,"minecraft:andesite":6,"minecraft:coal_ore":107,"minecraft:oak_log":21,"minecraft:deepslate_iron_ore":5,"minecraft:gravel":2,"minecraft:sand":2,"minecraft:stone":131,"minecraft:gold_ore":3,"minecraft:oak_leaves":1,"minecraft:deepslate":54}},"DataVersion":3955}