{"stats":{"minecraft:custom":{"minecraft:time_since_rest":18211,"minecraft:interact_with_furnace":1,"minecraft:sprint_one_cm":59934,"minecraft:damage_taken":313,"minecraft:walk_one_cm":29699,"minecraft:damage_blocked_by_shield":110,"minecraft:mob_kills":14,"minecraft:drop":2,"minecraft:damage_dealt":2297,"minecraft:interact_with_crafting_table":3,"minecraft:fly_one_cm":87679,"minecraft:open_chest":1,"minecraft:crouch_one_cm":477,"minecraft:play_time":18211,"minecraft:sneak_time":218,"minecraft:jump":367,"minecraft:leave_game":1,"minecraft:time_since_death":18211,"minecraft:total_world_time":18211},"minecraft:used":{"minecraft:iron_pickaxe":119,"minecraft:shield":4,"minecraft:wooden_pickaxe":13,"minecraft:cooked_salmon":1,"minecraft:rotten_flesh":5,"minecraft:stone_axe":79,"minecraft:lily_of_the_valley":1,"minecraft:crafting_table":3,"minecraft:cooked_cod":4,"minecraft:bucket":1},"minecraft:killed":{"minecraft:skeleton":2,"minecraft:zombie":6,"minecraft:chicken":2,"minecraft:spider":3},"minecraft:picked_up":{"minecraft:birch_log":44,"minecraft:crafting_table":3,"minecraft:feather":3,"minecraft:chicken":2,"minecraft:sand":4,"minecraft:oak_log":21,"minecraft:lily_of_the_valley":1,"minecraft:spider_eye":2,"minecraft:dirt":1,"minecraft:string":2,"minecraft:arrow":4,"minecraft:bone":2,"minecraft:rotten_flesh":10,"minecraft:chest":1,"minecraft:birch_sapling":2,"minecraft:coal":78,"minecraft:cobblestone":46},"minecraft:crafted":{"minecraft:oak_planks":84,"minecraft:iron_chestplate":1,"minecraft:shield":1,"minecraft:crafting_table":1,"minecraft:stick":8,"minecraft:wooden_pickaxe":1,"minecraft:iron_pickaxe":1,"minecraft:bucket":1,"minecraft:birch_planks":24,"minecraft:stone_axe":1},"minecraft:dropped":{"minecraft:feather":3,"minecraft:spider_eye":1},"minecraft:mined":{"minecraft:birch_log":32,"minecraft:crafting_table":3,"minecraft:grass_block":1,"minecraft:oak_log":21,"minecraft:coal_ore":80,"minecraft:chest":1,"minecraft:sand":2,"minecraft:stone":49,"minecraft:oak_leaves":1}},"DataVersion":3955}