{"stats":{"minecraft:custom":{"minecraft:time_since_rest":30211,"minecraft:interact_with_furnace":5,"minecraft:sprint_one_cm":85283,"minecraft:damage_taken":333,"minecraft:walk_one_cm":42624,"minecraft:damage_blocked_by_shield":205,"minecraft:mob_kills":15,"minecraft:drop":6,"minecraft:damage_dealt":2588,"minecraft:interact_with_crafting_table":6,"minecraft:fly_one_cm":113605,"minecraft:open_chest":1,"minecraft:crouch_one_cm":564,"minecraft:play_time":30211,"minecraft:sneak_time":246,"minecraft:jump":504,"minecraft:leave_game":1,"minecraft:walk_on_water_one_cm":1,"minecraft:time_since_death":30211,"minecraft:interact_with_smoker":1,"minecraft:total_world_time":30211},"minecraft:used":{"minecraft:water_bucket":1,"minecraft:iron_pickaxe":224,"minecraft:shield":8,"minecraft:wooden_pickaxe":13,"minecraft:cooked_salmon":2,"minecraft:rotten_flesh":5,"minecraft:stone_axe":86,"minecraft:cobblestone":2,"minecraft:lily_of_the_valley":1,"minecraft:crafting_table":5,"minecraft:furnace":1,"minecraft:cooked_cod":4,"minecraft:bucket":2,"minecraft:smoker":1},"minecraft:killed":{"minecraft:skeleton":2,"minecraft:zombie":7,"minecraft:chicken":2,"minecraft:spider":3},"minecraft:picked_up":{"minecraft:birch_log":52,"minecraft:raw_iron":8,"minecraft:crafting_table":4,"minecraft:feather":3,"minecraft:chicken":2,"minecraft:sand":19,"minecraft:oak_log":26,"minecraft:lily_of_the_valley":1,"minecraft:spider_eye":2,"minecraft:dirt":17,"minecraft:string":2,"minecraft:arrow":4,"minecraft:bone":2,"minecraft:rotten_flesh":11,"minecraft:chest":1,"minecraft:birch_sapling":2,"minecraft:coal":106,"minecraft:cobblestone":118,"minecraft:furnace":1},"minecraft:crafted":{"minecraft:oak_planks":84,"minecraft:iron_chestplate":1,"minecraft:shield":1,"minecraft:crafting_table":1,"minecraft:iron_ingot":5,"minecraft:stick":12,"minecraft:stone_pickaxe":1,"minecraft:wooden_pickaxe":1,"minecraft:iron_pickaxe":1,"minecraft:furnace":1,"minecraft:bucket":1,"minecraft:birch_planks":24,"minecraft:stone_axe":2,"minecraft:air":0,"minecraft:smoker":1},"minecraft:mined":{"minecraft:birch_log":34,"minecraft:iron_ore":8,"minecraft:crafting_table":4,"minecraft:grass_block":1,"minecraft:oak_log":21,"minecraft:coal_ore":107,"minecraft:chest":1,"minecraft:sand":2,"minecraft:cobblestone":2,"minecraft:stone":117,"minecraft:oak_leaves":1},"minecraft:dropped":{"minecraft:stone_axe":1,"minecraft:cooked_salmon":1,"minecraft:feather":3,"minecraft:spider_eye":1,"minecraft:stone_pickaxe":1,"minecraft:wooden_pickaxe":1}},"DataVersion":3955}