{"stats":{"minecraft:custom":{"minecraft:open_chest":1,"minecraft:time_since_rest":6211,"minecraft:crouch_one_cm":102,"minecraft:play_time":6211,"minecraft:sprint_one_cm":6806,"minecraft:damage_taken":20,"minecraft:walk_one_cm":8043,"minecraft:sneak_time":51,"minecraft:jump":54,"minecraft:damage_dealt":24,"minecraft:leave_game":1,"minecraft:time_since_death":6211,"minecraft:total_world_time":6211,"minecraft:interact_with_crafting_table":1,"minecraft:fly_one_cm":9800},"minecraft:used":{"minecraft:lily_of_the_valley":1,"minecraft:crafting_table":1,"minecraft:wooden_pickaxe":11},"minecraft:picked_up":{"minecraft:birch_log":6,"minecraft:crafting_table":1,"minecraft:sand":1,"minecraft:lily_of_the_valley":1,"minecraft:cobblestone":10},"minecraft:crafted":{"minecraft:birch_planks":24,"minecraft:crafting_table":1,"minecraft:stick":4,"minecraft:wooden_pickaxe":1},"minecraft:mined":{"minecraft:sand":1,"minecraft:birch_log":5,"minecraft:stone":10,"minecraft:crafting_table":1}},"DataVersion":3955}