{"stats":{"minecraft:custom":{"minecraft:time_since_rest":5873,"minecraft:deaths":1,"minecraft:play_time":17940,"minecraft:sprint_one_cm":14335,"minecraft:damage_taken":503,"minecraft:walk_one_cm":55323,"minecraft:drop":1,"minecraft:jump":125,"minecraft:damage_dealt":10,"minecraft:walk_on_water_one_cm":140,"minecraft:time_since_death":5783,"minecraft:total_world_time":17940,"minecraft:interact_with_crafting_table":1,"minecraft:fall_one_cm":1744,"minecraft:fly_one_cm":2419},"minecraft:used":{"minecraft:dirt":3,"minecraft:sand":5,"minecraft:crafting_table":2,"minecraft:wooden_pickaxe":9},"minecraft:picked_up":{"minecraft:birch_log":13,"minecraft:crafting_table":2,"minecraft:sand":40,"minecraft:oak_log":4,"minecraft:dirt":13,"minecraft:cobblestone":5},"minecraft:crafted":{"minecraft:birch_planks":28,"minecraft:stick":8,"minecraft:wooden_pickaxe":1},"minecraft:dropped":{"minecraft:sand":20},"minecraft:mined":{"minecraft:grass_block":8,"minecraft:oak_log":4,"minecraft:dirt":9,"minecraft:sand":23,"minecraft:birch_log":14,"minecraft:stone":8,"minecraft:birch_leaves":21,"minecraft:oak_leaves":6,"minecraft:crafting_table":2},"minecraft:killed_by":{"minecraft:creeper":1}},"DataVersion":3955}