{"stats":{"minecraft:custom":{"minecraft:time_since_rest":4710,"minecraft:sprint_one_cm":40625,"minecraft:damage_taken":1579,"minecraft:walk_one_cm":196799,"minecraft:mob_kills":5,"minecraft:drop":1,"minecraft:damage_dealt":775,"minecraft:interact_with_crafting_table":3,"minecraft:fly_one_cm":6246,"minecraft:play_time":41940,"minecraft:deaths":5,"minecraft:walk_under_water_one_cm":368,"minecraft:jump":513,"minecraft:time_since_death":4669,"minecraft:walk_on_water_one_cm":329,"minecraft:total_world_time":41940,"minecraft:fall_one_cm":9338},"minecraft:used":{"minecraft:stone_sword":14,"minecraft:stone_pickaxe":70,"minecraft:wooden_pickaxe":37,"minecraft:stone_axe":1,"minecraft:sand":5,"minecraft:dirt":3,"minecraft:crafting_table":5,"minecraft:porkchop":1},"minecraft:killed":{"minecraft:skeleton":1,"minecraft:wolf":1,"minecraft:pig":2,"minecraft:cow":1},"minecraft:picked_up":{"minecraft:birch_log":13,"minecraft:stick":13,"minecraft:crafting_table":8,"minecraft:wooden_pickaxe":1,"minecraft:birch_planks":59,"minecraft:porkchop":9,"minecraft:sand":40,"minecraft:oak_log":8,"minecraft:dirt":87,"minecraft:stone_sword":2,"minecraft:bone":3,"minecraft:stone_pickaxe":1,"minecraft:beef":2,"minecraft:bone_meal":3,"minecraft:coal":66,"minecraft:cobblestone":40},"minecraft:broken":{"minecraft:wooden_pickaxe":1},"minecraft:crafted":{"minecraft:coal_block":1,"minecraft:stick":12,"minecraft:wooden_pickaxe":1,"minecraft:stone_pickaxe":1,"minecraft:stone_sword":1,"minecraft:bone_meal":3,"minecraft:birch_planks":28,"minecraft:stone_axe":1},"minecraft:dropped":{"minecraft:sand":20},"minecraft:mined":{"minecraft:birch_log":15,"minecraft:birch_leaves":21,"minecraft:crafting_table":6,"minecraft:short_grass":4,"minecraft:coal_ore":22,"minecraft:grass_block":30,"minecraft:oak_log":7,"minecraft:sand":23,"minecraft:dirt":24,"minecraft:copper_ore":4,"minecraft:stone":23,"minecraft:oak_leaves":21},"minecraft:killed_by":{"minecraft:wolf":1,"minecraft:skeleton":1,"minecraft:creeper":1,"minecraft:zombie":2}},"DataVersion":3955}