{"stats":{"minecraft:custom":{"minecraft:time_since_rest":9320,"minecraft:sprint_one_cm":31094,"minecraft:damage_taken":663,"minecraft:walk_one_cm":113188,"minecraft:mob_kills":4,"minecraft:drop":1,"minecraft:damage_dealt":331,"minecraft:interact_with_crafting_table":2,"minecraft:fly_one_cm":4250,"minecraft:play_time":29940,"minecraft:deaths":2,"minecraft:walk_under_water_one_cm":368,"minecraft:jump":255,"minecraft:time_since_death":9280,"minecraft:walk_on_water_one_cm":329,"minecraft:total_world_time":29940,"minecraft:fall_one_cm":3186},"minecraft:used":{"minecraft:stone_pickaxe":30,"minecraft:wooden_pickaxe":37,"minecraft:sand":5,"minecraft:dirt":3,"minecraft:crafting_table":4},"minecraft:killed":{"minecraft:wolf":1,"minecraft:pig":2,"minecraft:cow":1},"minecraft:picked_up":{"minecraft:birch_log":13,"minecraft:stick":6,"minecraft:crafting_table":6,"minecraft:wooden_pickaxe":1,"minecraft:birch_planks":21,"minecraft:porkchop":3,"minecraft:sand":40,"minecraft:oak_log":6,"minecraft:dirt":23,"minecraft:bone":2,"minecraft:beef":1,"minecraft:coal":17,"minecraft:cobblestone":19},"minecraft:broken":{"minecraft:wooden_pickaxe":1},"minecraft:crafted":{"minecraft:stick":12,"minecraft:wooden_pickaxe":1,"minecraft:stone_pickaxe":1,"minecraft:stone_sword":1,"minecraft:bone_meal":3,"minecraft:birch_planks":28},"minecraft:dropped":{"minecraft:sand":20},"minecraft:mined":{"minecraft:birch_log":15,"minecraft:birch_leaves":21,"minecraft:crafting_table":5,"minecraft:short_grass":4,"minecraft:coal_ore":18,"minecraft:grass_block":17,"minecraft:oak_log":7,"minecraft:sand":23,"minecraft:dirt":9,"minecraft:stone":18,"minecraft:oak_leaves":8},"minecraft:killed_by":{"minecraft:wolf":1,"minecraft:creeper":1}},"DataVersion":3955}