{"stats":{"minecraft:custom":{"minecraft:jump":46,"minecraft:time_since_rest":5940,"minecraft:damage_dealt":10,"minecraft:sprint_one_cm":6296,"minecraft:play_time":5940,"minecraft:damage_taken":205,"minecraft:time_since_death":5940,"minecraft:walk_one_cm":32135,"minecraft:total_world_time":5940,"minecraft:drop":1,"minecraft:fall_one_cm":1005,"minecraft:fly_one_cm":565},"minecraft:used":{"minecraft:dirt":3},"minecraft:picked_up":{"minecraft:sand":40,"minecraft:dirt":3,"minecraft:birch_log":6},"minecraft:dropped":{"minecraft:sand":20},"minecraft:mined":{"minecraft:birch_log":7,"minecraft:grass_block":2,"minecraft:birch_leaves":2,"minecraft:sand":20,"minecraft:dirt":1}},"DataVersion":3955}