{"stats":{"minecraft:custom":{"minecraft:time_since_rest":41972,"minecraft:interact_with_furnace":17,"minecraft:sprint_one_cm":120817,"minecraft:damage_taken":179,"minecraft:walk_one_cm":177369,"minecraft:mob_kills":7,"minecraft:drop":9,"minecraft:damage_dealt":731,"minecraft:swim_one_cm":3446,"minecraft:interact_with_crafting_table":25,"minecraft:fly_one_cm":33446,"minecraft:crouch_one_cm":704,"minecraft:play_time":41972,"minecraft:sneak_time":294,"minecraft:walk_under_water_one_cm":1242,"minecraft:jump":404,"minecraft:walk_on_water_one_cm":1776,"minecraft:time_since_death":41972,"minecraft:total_world_time":41972,"minecraft:fall_one_cm":6961},"minecraft:used":{"minecraft:stone_sword":33,"minecraft:chicken":2,"minecraft:stone_pickaxe":170,"minecraft:wooden_pickaxe":23,"minecraft:cooked_salmon":1,"minecraft:mutton":1,"minecraft:crafting_table":7,"minecraft:furnace":3,"minecraft:cooked_porkchop":1,"minecraft:cooked_beef":1},"minecraft:killed":{"minecraft:sheep":1,"minecraft:pig":1,"minecraft:chicken":2,"minecraft:spider":1,"minecraft:cow":2},"minecraft:picked_up":{"minecraft:birch_log":22,"minecraft:raw_iron":5,"minecraft:stick":3,"minecraft:crafting_table":7,"minecraft:feather":3,"minecraft:chicken":2,"minecraft:porkchop":1,"minecraft:lily_of_the_valley":2,"minecraft:dirt":8,"minecraft:spider_eye":1,"minecraft:string":2,"minecraft:cooked_salmon":1,"minecraft:beef":6,"minecraft:granite":17,"minecraft:gray_wool":1,"minecraft:oak_sapling":1,"minecraft:birch_sapling":10,"minecraft:mutton":1,"minecraft:coal":32,"minecraft:cobblestone":108,"minecraft:furnace":3},"minecraft:crafted":{"minecraft:cooked_porkchop":1,"minecraft:shield":1,"minecraft:crafting_table":2,"minecraft:iron_ingot":5,"minecraft:stick":16,"minecraft:wooden_pickaxe":2,"minecraft:stone_pickaxe":2,"minecraft:stone_sword":1,"minecraft:furnace":2,"minecraft:birch_planks":60,"minecraft:cooked_beef":6},"minecraft:broken":{"minecraft:stone_pickaxe":1},"minecraft:mined":{"minecraft:furnace":3,"minecraft:iron_ore":5,"minecraft:lily_of_the_valley":1,"minecraft:birch_log":21,"minecraft:birch_leaves":1,"minecraft:crafting_table":6,"minecraft:granite":17,"minecraft:short_grass":1,"minecraft:coal_ore":33,"minecraft:dirt":8,"minecraft:stone":111,"minecraft:oak_leaves":5},"minecraft:dropped":{"minecraft:furnace":1,"minecraft:crafting_table":1,"minecraft:birch_sapling":5,"minecraft:feather":2,"minecraft:birch_log":2,"minecraft:lily_of_the_valley":2}},"DataVersion":3955}