{"stats":{"minecraft:custom":{"minecraft:time_since_rest":29972,"minecraft:interact_with_furnace":1,"minecraft:sprint_one_cm":91708,"minecraft:damage_taken":159,"minecraft:walk_one_cm":134397,"minecraft:mob_kills":4,"minecraft:drop":8,"minecraft:damage_dealt":431,"minecraft:interact_with_crafting_table":14,"minecraft:fly_one_cm":27324,"minecraft:crouch_one_cm":704,"minecraft:play_time":29972,"minecraft:sneak_time":276,"minecraft:walk_under_water_one_cm":163,"minecraft:jump":267,"minecraft:walk_on_water_one_cm":1288,"minecraft:time_since_death":29972,"minecraft:total_world_time":29972,"minecraft:fall_one_cm":5581},"minecraft:used":{"minecraft:stone_sword":12,"minecraft:chicken":2,"minecraft:stone_pickaxe":129,"minecraft:wooden_pickaxe":23,"minecraft:cooked_salmon":1,"minecraft:mutton":1,"minecraft:crafting_table":3},"minecraft:killed":{"minecraft:sheep":1,"minecraft:chicken":2,"minecraft:spider":1},"minecraft:picked_up":{"minecraft:birch_log":22,"minecraft:raw_iron":5,"minecraft:stick":3,"minecraft:crafting_table":2,"minecraft:feather":3,"minecraft:chicken":2,"minecraft:lily_of_the_valley":2,"minecraft:dirt":3,"minecraft:spider_eye":1,"minecraft:string":2,"minecraft:cooked_salmon":1,"minecraft:granite":17,"minecraft:gray_wool":1,"minecraft:birch_sapling":10,"minecraft:mutton":1,"minecraft:coal":32,"minecraft:cobblestone":77},"minecraft:crafted":{"minecraft:crafting_table":2,"minecraft:stick":16,"minecraft:wooden_pickaxe":2,"minecraft:stone_pickaxe":1,"minecraft:stone_sword":1,"minecraft:furnace":1,"minecraft:birch_planks":60},"minecraft:mined":{"minecraft:iron_ore":5,"minecraft:lily_of_the_valley":1,"minecraft:birch_log":21,"minecraft:birch_leaves":1,"minecraft:crafting_table":2,"minecraft:granite":17,"minecraft:coal_ore":33,"minecraft:dirt":3,"minecraft:stone":81},"minecraft:dropped":{"minecraft:furnace":1,"minecraft:birch_sapling":5,"minecraft:feather":2,"minecraft:birch_log":2,"minecraft:lily_of_the_valley":2}},"DataVersion":3955}