{"stats":{"minecraft:custom":{"minecraft:time_since_rest":17972,"minecraft:sprint_one_cm":83305,"minecraft:damage_taken":135,"minecraft:walk_one_cm":74101,"minecraft:mob_kills":4,"minecraft:drop":6,"minecraft:damage_dealt":431,"minecraft:interact_with_crafting_table":8,"minecraft:fly_one_cm":26737,"minecraft:crouch_one_cm":704,"minecraft:play_time":17972,"minecraft:sneak_time":265,"minecraft:jump":169,"minecraft:time_since_death":17972,"minecraft:total_world_time":17972,"minecraft:fall_one_cm":4834},"minecraft:used":{"minecraft:stone_sword":11,"minecraft:chicken":2,"minecraft:stone_pickaxe":8,"minecraft:wooden_pickaxe":23,"minecraft:mutton":1,"minecraft:crafting_table":2},"minecraft:killed":{"minecraft:sheep":1,"minecraft:chicken":2,"minecraft:spider":1},"minecraft:picked_up":{"minecraft:birch_log":22,"minecraft:stick":3,"minecraft:feather":3,"minecraft:chicken":2,"minecraft:lily_of_the_valley":2,"minecraft:spider_eye":1,"minecraft:string":2,"minecraft:gray_wool":1,"minecraft:birch_sapling":5,"minecraft:mutton":1,"minecraft:cobblestone":18},"minecraft:crafted":{"minecraft:crafting_table":2,"minecraft:stick":16,"minecraft:wooden_pickaxe":2,"minecraft:stone_pickaxe":1,"minecraft:stone_sword":1,"minecraft:birch_planks":60},"minecraft:dropped":{"minecraft:feather":2,"minecraft:birch_log":2,"minecraft:lily_of_the_valley":2},"minecraft:mined":{"minecraft:lily_of_the_valley":1,"minecraft:birch_log":21,"minecraft:birch_leaves":1,"minecraft:stone":18}},"DataVersion":3955}