{"stats":{"minecraft:custom":{"minecraft:jump":17,"minecraft:time_since_rest":5972,"minecraft:damage_dealt":140,"minecraft:crouch_one_cm":212,"minecraft:sprint_one_cm":173,"minecraft:play_time":5972,"minecraft:time_since_death":5972,"minecraft:walk_one_cm":21258,"minecraft:sneak_time":183,"minecraft:total_world_time":5972,"minecraft:mob_kills":1,"minecraft:drop":6},"minecraft:killed":{"minecraft:chicken":1},"minecraft:picked_up":{"minecraft:feather":2,"minecraft:chicken":1,"minecraft:lily_of_the_valley":2,"minecraft:birch_sapling":2,"minecraft:birch_log":16},"minecraft:dropped":{"minecraft:birch_log":2,"minecraft:lily_of_the_valley":2,"minecraft:feather":2},"minecraft:mined":{"minecraft:lily_of_the_valley":1,"minecraft:birch_leaves":1,"minecraft:birch_log":14}},"DataVersion":3955}