{"minecraft:recipes/building_blocks/birch_planks":{"criteria":{"has_logs":"2024-10-24 02:17:03 +0000"},"done":true},"minecraft:recipes/misc/charcoal":{"criteria":{"has_log":"2024-10-24 02:17:03 +0000"},"done":true},"minecraft:recipes/decorations/crafting_table":{"criteria":{"unlock_right_away":"2024-10-24 02:14:21 +0000"},"done":true},"minecraft:adventure/root":{"criteria":{"killed_by_something":"2024-10-24 02:18:31 +0000"},"done":true},"minecraft:recipes/building_blocks/birch_wood":{"criteria":{"has_log":"2024-10-24 02:17:03 +0000"},"done":true},"minecraft:adventure/adventuring_time":{"criteria":{"minecraft:old_growth_birch_forest":"2024-10-24 02:14:22 +0000","minecraft:stony_shore":"2024-10-24 02:16:41 +0000"},"done":false},"DataVersion":3955}