{"minecraft:recipes/redstone/lever":{"criteria":{"has_cobblestone":"2024-10-24 02:23:07 +0000"},"done":true},"minecraft:recipes/decorations/ladder":{"criteria":{"has_stick":"2024-10-24 02:17:58 +0000"},"done":true},"minecraft:recipes/decorations/torch":{"criteria":{"has_stone_pickaxe":"2024-10-24 02:24:37 +0000"},"done":true},"minecraft:recipes/decorations/gray_bed":{"criteria":{"has_gray_wool":"2024-10-24 02:16:59 +0000"},"done":true},"minecraft:recipes/food/cooked_chicken_from_campfire_cooking":{"criteria":{"has_chicken":"2024-10-24 02:12:42 +0000"},"done":true},"minecraft:recipes/food/cooked_mutton_from_smoking":{"criteria":{"has_mutton":"2024-10-24 02:16:59 +0000"},"done":true},"minecraft:recipes/redstone/birch_button":{"criteria":{"has_planks":"2024-10-24 02:18:41 +0000"},"done":true},"minecraft:recipes/building_blocks/birch_planks":{"criteria":{"has_logs":"2024-10-24 02:13:57 +0000"},"done":true},"minecraft:recipes/combat/stone_sword":{"criteria":{"has_cobblestone":"2024-10-24 02:23:07 +0000"},"done":true},"minecraft:recipes/decorations/cobblestone_wall":{"criteria":{"has_cobblestone":"2024-10-24 02:23:07 +0000"},"done":true},"minecraft:recipes/brewing/fermented_spider_eye":{"criteria":{"has_spider_eye":"2024-10-24 02:21:50 +0000"},"done":true},"minecraft:recipes/tools/stone_pickaxe":{"criteria":{"has_cobblestone":"2024-10-24 02:23:07 +0000"},"done":true},"minecraft:recipes/food/cooked_chicken":{"criteria":{"has_chicken":"2024-10-24 02:12:42 +0000"},"done":true},"minecraft:recipes/tools/stone_axe":{"criteria":{"has_cobblestone":"2024-10-24 02:23:07 +0000"},"done":true},"minecraft:recipes/food/cooked_mutton":{"criteria":{"has_mutton":"2024-10-24 02:16:59 +0000"},"done":true},"minecraft:recipes/misc/white_dye_from_lily_of_the_valley":{"criteria":{"has_lily_of_the_valley":"2024-10-24 02:11:55 +0000"},"done":true},"minecraft:recipes/decorations/campfire":{"criteria":{"has_stick":"2024-10-24 02:17:58 +0000"},"done":true},"minecraft:recipes/tools/wooden_hoe":{"criteria":{"has_stick":"2024-10-24 02:17:58 +0000"},"done":true},"minecraft:recipes/combat/bow":{"criteria":{"has_string":"2024-10-24 02:25:46 +0000"},"done":true},"minecraft:recipes/food/cooked_chicken_from_smoking":{"criteria":{"has_chicken":"2024-10-24 02:12:42 +0000"},"done":true},"minecraft:story/mine_stone":{"criteria":{"get_stone":"2024-10-24 02:23:07 +0000"},"done":true},"minecraft:recipes/decorations/furnace":{"criteria":{"has_cobblestone":"2024-10-24 02:23:07 +0000"},"done":true},"minecraft:recipes/misc/charcoal":{"criteria":{"has_log":"2024-10-24 02:13:57 +0000"},"done":true},"minecraft:recipes/tools/wooden_pickaxe":{"criteria":{"has_stick":"2024-10-24 02:17:58 +0000"},"done":true},"minecraft:recipes/redstone/birch_door":{"criteria":{"has_planks":"2024-10-24 02:18:41 +0000"},"done":true},"minecraft:story/upgrade_tools":{"criteria":{"stone_pickaxe":"2024-10-24 02:24:37 +0000"},"done":true},"minecraft:recipes/decorations/birch_fence":{"criteria":{"has_planks":"2024-10-24 02:18:41 +0000"},"done":true},"minecraft:recipes/tools/wooden_axe":{"criteria":{"has_stick":"2024-10-24 02:17:58 +0000"},"done":true},"minecraft:recipes/decorations/painting":{"criteria":{"has_wool":"2024-10-24 02:16:59 +0000"},"done":true},"minecraft:recipes/combat/arrow":{"criteria":{"has_feather":"2024-10-24 02:12:42 +0000"},"done":true},"minecraft:recipes/redstone/birch_trapdoor":{"criteria":{"has_planks":"2024-10-24 02:18:41 +0000"},"done":true},"minecraft:recipes/tools/fishing_rod":{"criteria":{"has_string":"2024-10-24 02:25:46 +0000"},"done":true},"minecraft:recipes/food/cooked_mutton_from_campfire_cooking":{"criteria":{"has_mutton":"2024-10-24 02:16:59 +0000"},"done":true},"minecraft:recipes/decorations/crafting_table":{"criteria":{"unlock_right_away":"2024-10-24 02:10:51 +0000"},"done":true},"minecraft:recipes/decorations/chest":{"criteria":{"has_lots_of_items":"2024-10-24 02:21:15 +0000"},"done":true},"minecraft:recipes/tools/wooden_shovel":{"criteria":{"has_stick":"2024-10-24 02:17:58 +0000"},"done":true},"minecraft:recipes/misc/stick":{"criteria":{"has_planks":"2024-10-24 02:18:41 +0000"},"done":true},"minecraft:recipes/building_blocks/cobblestone_slab":{"criteria":{"has_cobblestone":"2024-10-24 02:23:07 +0000"},"done":true},"minecraft:recipes/building_blocks/cobblestone_slab_from_cobblestone_stonecutting":{"criteria":{"has_cobblestone":"2024-10-24 02:23:07 +0000"},"done":true},"minecraft:recipes/decorations/birch_sign":{"criteria":{"has_planks":"2024-10-24 02:18:41 +0000"},"done":true},"minecraft:adventure/root":{"criteria":{"killed_something":"2024-10-24 02:12:41 +0000"},"done":true},"minecraft:recipes/building_blocks/white_wool_from_string":{"criteria":{"has_string":"2024-10-24 02:25:46 +0000"},"done":true},"minecraft:adventure/kill_all_mobs":{"criteria":{"minecraft:spider":"2024-10-24 02:25:45 +0000"},"done":false},"minecraft:recipes/building_blocks/birch_wood":{"criteria":{"has_log":"2024-10-24 02:13:57 +0000"},"done":true},"minecraft:recipes/combat/wooden_sword":{"criteria":{"has_stick":"2024-10-24 02:17:58 +0000"},"done":true},"minecraft:recipes/decorations/gray_banner":{"criteria":{"has_gray_wool":"2024-10-24 02:16:59 +0000"},"done":true},"minecraft:recipes/decorations/gray_carpet":{"criteria":{"has_gray_wool":"2024-10-24 02:16:59 +0000"},"done":true},"minecraft:recipes/redstone/tripwire_hook":{"criteria":{"has_string":"2024-10-24 02:25:46 +0000"},"done":true},"minecraft:recipes/redstone/birch_fence_gate":{"criteria":{"has_planks":"2024-10-24 02:18:41 +0000"},"done":true},"minecraft:recipes/combat/crossbow":{"criteria":{"has_string":"2024-10-24 02:25:46 +0000"},"done":true},"minecraft:adventure/kill_a_mob":{"criteria":{"minecraft:spider":"2024-10-24 02:25:45 +0000"},"done":true},"minecraft:recipes/building_blocks/stone":{"criteria":{"has_cobblestone":"2024-10-24 02:23:07 +0000"},"done":true},"minecraft:adventure/adventuring_time":{"criteria":{"minecraft:old_growth_birch_forest":"2024-10-24 02:10:52 +0000","minecraft:beach":"2024-10-24 02:18:22 +0000","minecraft:stony_shore":"2024-10-24 02:16:09 +0000"},"done":false},"minecraft:recipes/decorations/barrel":{"criteria":{"has_planks":"2024-10-24 02:18:41 +0000"},"done":true},"minecraft:recipes/decorations/cobblestone_wall_from_cobblestone_stonecutting":{"criteria":{"has_cobblestone":"2024-10-24 02:23:07 +0000"},"done":true},"minecraft:recipes/building_blocks/cobblestone_stairs_from_cobblestone_stonecutting":{"criteria":{"has_cobblestone":"2024-10-24 02:23:07 +0000"},"done":true},"minecraft:recipes/redstone/birch_pressure_plate":{"criteria":{"has_planks":"2024-10-24 02:18:41 +0000"},"done":true},"minecraft:recipes/decorations/candle":{"criteria":{"has_string":"2024-10-24 02:25:46 +0000"},"done":true},"minecraft:husbandry/balanced_diet":{"criteria":{"mutton":"2024-10-24 02:24:00 +0000","chicken":"2024-10-24 02:22:10 +0000"},"done":false},"minecraft:recipes/building_blocks/cobblestone_stairs":{"criteria":{"has_cobblestone":"2024-10-24 02:23:07 +0000"},"done":true},"minecraft:recipes/building_blocks/birch_slab":{"criteria":{"has_planks":"2024-10-24 02:18:41 +0000"},"done":true},"minecraft:husbandry/root":{"criteria":{"consumed_item":"2024-10-24 02:22:10 +0000"},"done":true},"minecraft:recipes/tools/stone_hoe":{"criteria":{"has_cobblestone":"2024-10-24 02:23:07 +0000"},"done":true},"minecraft:recipes/decorations/loom":{"criteria":{"has_string":"2024-10-24 02:25:46 +0000"},"done":true},"minecraft:recipes/tools/stone_shovel":{"criteria":{"has_cobblestone":"2024-10-24 02:23:07 +0000"},"done":true},"minecraft:story/root":{"criteria":{"crafting_table":"2024-10-24 02:20:12 +0000"},"done":true},"minecraft:recipes/building_blocks/birch_stairs":{"criteria":{"has_planks":"2024-10-24 02:18:41 +0000"},"done":true},"DataVersion":3955}